{
  "urls": [
    "ch1.mp3",
    "ch1.ogg",
    "ch1.m4a"
  ],
  "sprite": {
    "BetDown": [
      0,
      703.3333333333334
    ],
    "BonusEnd_Congrats": [
      2000,
      2094.1269841269836
    ],
    "BonusEnd_NoWin": [
      6000,
      1788.1179138322
    ],
    "GameEnd_Congrats": [
      9000,
      3391.5419501133783
    ],
    "GameEnd_NoWin": [
      14000,
      2505.3287981859426
    ],
    "Match": [
      18000,
      2280.272108843537
    ],
    "MusicTermLose": [
      22000,
      3987.482993197279
    ],
    "MusicTermWin": [
      27000,
      3967.868480725624
    ],
    "WinScale_1": [
      32000,
      1496.8027210884359
    ]
  }
}