{
  "urls": [
    "ch11.mp3",
    "ch11.ogg",
    "ch11.m4a"
  ],
  "sprite": {
    "BonusActivated": [
      0,
      2162.3356009070294
    ],
    "InstantWin": [
      4000,
      1875.0113378684805
    ],
    "MultiplierMatch": [
      7000,
      1799.4331065759645
    ],
    "WinScale_6": [
      10000,
      2007.6417233560094
    ]
  }
}