{
  "urls": [
    "ch12.mp3",
    "ch12.ogg",
    "ch12.m4a"
  ],
  "sprite": {
    "MissedPiggy_1": [
      0,
      963.7641723356008
    ],
    "WinAllRevealed": [
      2000,
      1600.8616780045352
    ]
  }
}