{
  "urls": [
    "ch13.mp3",
    "ch13.ogg",
    "ch13.m4a"
  ],
  "sprite": {
    "HammerCollect": [
      0,
      1246.4625850340137
    ],
    "MissedPiggy_2": [
      3000,
      894.4444444444443
    ]
  }
}