{
  "urls": [
    "ch2.mp3",
    "ch2.ogg",
    "ch2.m4a"
  ],
  "sprite": {
    "BetUp": [
      0,
      685.0113378684807
    ],
    "BonusNoWin": [
      2000,
      2000
    ],
    "BonusWin": [
      5000,
      3754.7619047619046
    ],
    "WinScale_2": [
      10000,
      1496.8027210884359
    ]
  }
}