{
  "urls": [
    "ch3.mp3",
    "ch3.ogg",
    "ch3.m4a"
  ],
  "sprite": {
    "BetMax": [
      0,
      1098.0725623582766
    ],
    "LuckyNumberSelect_1": [
      3000,
      1256.0317460317458
    ],
    "NumberSelect_1": [
      6000,
      951.2925170068023
    ],
    "WinningNumberSelect": [
      8000,
      2426.122448979591
    ],
    "WinScale_3": [
      12000,
      1496.8027210884359
    ],
    "YourNumberSelect2": [
      15000,
      1600.0000000000014
    ]
  }
}