{
  "urls": [
    "ch10.mp3",
    "ch10.ogg",
    "ch10.m4a"
  ],
  "sprite": {
    "NumberMatch": [
      0,
      1695.374149659864
    ],
    "PiggySmashed": [
      3000,
      951.8594104308389
    ]
  }
}