{
  "urls": [
    "ch7.mp3",
    "ch7.ogg",
    "ch7.m4a"
  ],
  "sprite": {
    "LuckyNumberSelect_4": [
      0,
      1196.3945578231292
    ],
    "NumberSelect_5": [
      3000,
      1030.1360544217691
    ],
    "PiggyRollover_2a": [
      6000,
      2324.9886621315186
    ]
  }
}