{
  "urls": [
    "ch4.mp3",
    "ch4.ogg",
    "ch4.m4a"
  ],
  "sprite": {
    "BuyButton": [
      0,
      723.6507936507936
    ],
    "Click": [
      2000,
      310.5668934240362
    ],
    "NumberSelect_2": [
      4000,
      1035.8503401360545
    ],
    "UI_Click": [
      7000,
      100.13605442176842
    ],
    "WinScale_4": [
      9000,
      1496.8027210884359
    ],
    "YourNumberSelect": [
      12000,
      1599.9999999999995
    ]
  }
}