{
  "urls": [
    "ch8.mp3",
    "ch8.ogg",
    "ch8.m4a"
  ],
  "sprite": {
    "2xSymbol": [
      0,
      1640.5668934240364
    ],
    "PiggyRollover_3a": [
      3000,
      1151.2471655328795
    ]
  }
}