{
  "urls": [
    "ch9.mp3",
    "ch9.ogg",
    "ch9.m4a"
  ],
  "sprite": {
    "PiggyRollover_4a": [
      0,
      1044.716553287982
    ],
    "WinAll": [
      3000,
      2804.965986394558
    ]
  }
}